{
  "model": "full",
  "checkpoint": "runs/full__mixed_full30/final.pt",
  "final_epoch": 30,
  "mask_mode": {
    "random": {
      "pos": 0.005359004717320204,
      "rot": 0.018008661549538375,
      "n": 10,
      "rot_deg": 7.688884736425492
    },
    "joint": {
      "pos": 0.007106894953176379,
      "rot": 0.021233439072966577,
      "n": 10,
      "rot_deg": 8.348968117158082
    },
    "time": {
      "pos": 0.197353046387434,
      "rot": 0.026643361896276474,
      "n": 10,
      "rot_deg": 9.352272323812933
    },
    "keyframe": {
      "pos": 0.18970336019992828,
      "rot": 0.02663166504353285,
      "n": 10,
      "rot_deg": 9.350219201510487
    },
    "kinematic_chain": {
      "pos": 0.062352134846150875,
      "rot": 0.01732892612926662,
      "n": 10,
      "rot_deg": 7.542380840029287
    }
  },
  "source_stratified": {
    "amass": {
      "pos": 0.09634027072849373,
      "rot": 0.026801008575906355,
      "fk": 0.01652535139583051,
      "n": 30,
      "rot_deg": 9.379899846997546,
      "n_clips": 935
    },
    "kimodo": {
      "pos": 0.1870776734181813,
      "rot": 0.021659316894199167,
      "fk": 0.0339971450822694,
      "n": 7,
      "rot_deg": 8.432279824412474,
      "n_clips": 210
    }
  },
  "pca": {
    "pca_var_explained": [
      0.5383866429328918,
      0.12014234811067581
    ],
    "n_samples_embedded": 600
  }
}