{
  "model": "full",
  "checkpoint": "runs/full__mixed_fixed30/final.pt",
  "final_epoch": 30,
  "mask_mode": {
    "random": {
      "pos": 0.008172092912718653,
      "rot": 0.024907021410763265,
      "n": 10,
      "rot_deg": 9.042396145222355
    },
    "joint": {
      "pos": 0.009863781044259667,
      "rot": 0.02891865707933903,
      "n": 10,
      "rot_deg": 9.743426044973413
    },
    "time": {
      "pos": 0.21862531453371048,
      "rot": 0.033814950846135616,
      "n": 10,
      "rot_deg": 10.536030341785704
    },
    "keyframe": {
      "pos": 0.2205738827586174,
      "rot": 0.03470182958990335,
      "n": 10,
      "rot_deg": 10.673302513035042
    },
    "kinematic_chain": {
      "pos": 0.2222392413765192,
      "rot": 0.029051194526255132,
      "n": 10,
      "rot_deg": 9.765728127805769
    }
  },
  "source_stratified": {
    "amass": {
      "pos": 0.16371846822134795,
      "rot": 0.028732673087645145,
      "fk": 0.02334571612023172,
      "n": 21,
      "rot_deg": 9.712044154807629,
      "n_clips": 647
    },
    "kimodo": {
      "pos": 0.2653661478155603,
      "rot": 0.017175869395335514,
      "fk": 0.05129572446458042,
      "n": 6,
      "rot_deg": 7.508998143426312,
      "n_clips": 186
    }
  },
  "pca": {
    "pca_var_explained": [
      0.4813586473464966,
      0.056434549391269684
    ],
    "n_samples_embedded": 600,
    "n_kimodo_in_sample": 128
  }
}