{
  "model": "opm_only",
  "checkpoint": "runs/opm_only__mixed_fixed30/final.pt",
  "final_epoch": 30,
  "mask_mode": {
    "random": {
      "pos": 0.0076752383261919025,
      "rot": 0.023969163838773965,
      "n": 10,
      "rot_deg": 8.870519897638415
    },
    "joint": {
      "pos": 0.008907301444560289,
      "rot": 0.02714923582971096,
      "n": 10,
      "rot_deg": 9.44064000901112
    },
    "time": {
      "pos": 0.21831894367933274,
      "rot": 0.03334865104407072,
      "n": 10,
      "rot_deg": 10.463133536938212
    },
    "keyframe": {
      "pos": 0.2204286903142929,
      "rot": 0.03423362392932176,
      "n": 10,
      "rot_deg": 10.601054571083552
    },
    "kinematic_chain": {
      "pos": 0.22222892865538596,
      "rot": 0.028566596377640963,
      "n": 10,
      "rot_deg": 9.6839353563901
    }
  },
  "source_stratified": {
    "amass": {
      "pos": 0.14890068816021085,
      "rot": 0.02455757752371331,
      "fk": 0.02106167950357,
      "n": 21,
      "rot_deg": 8.97873996926917,
      "n_clips": 647
    },
    "kimodo": {
      "pos": 0.22345331559578577,
      "rot": 0.02052922857304414,
      "fk": 0.027605629448468488,
      "n": 6,
      "rot_deg": 8.209353319259188,
      "n_clips": 186
    }
  },
  "pca": {
    "pca_var_explained": [
      0.1856072098016739,
      0.12145817279815674
    ],
    "n_samples_embedded": 600,
    "n_kimodo_in_sample": 128
  }
}