{
  "model": "opm_only",
  "checkpoint": "runs/opm_only__mixed_full30/final.pt",
  "final_epoch": 30,
  "mask_mode": {
    "random": {
      "pos": 0.005237783258780837,
      "rot": 0.016180497501045464,
      "n": 10,
      "rot_deg": 7.288171234458011
    },
    "joint": {
      "pos": 0.006246977904811502,
      "rot": 0.01851698225364089,
      "n": 10,
      "rot_deg": 7.796644594010112
    },
    "time": {
      "pos": 0.19761468544602395,
      "rot": 0.025078000128269197,
      "n": 10,
      "rot_deg": 9.073379638628456
    },
    "keyframe": {
      "pos": 0.18985524028539658,
      "rot": 0.025028891302645205,
      "n": 10,
      "rot_deg": 9.06449134271071
    },
    "kinematic_chain": {
      "pos": 0.0618904541246593,
      "rot": 0.016170204570516943,
      "n": 10,
      "rot_deg": 7.285852746596102
    }
  },
  "source_stratified": {
    "amass": {
      "pos": 0.10696629021937648,
      "rot": 0.022914072157194217,
      "fk": 0.015521088661625982,
      "n": 30,
      "rot_deg": 8.67308835319141,
      "n_clips": 935
    },
    "kimodo": {
      "pos": 0.2355343493233834,
      "rot": 0.022003186334456717,
      "fk": 0.040468460348035605,
      "n": 7,
      "rot_deg": 8.498952866044506,
      "n_clips": 210
    }
  },
  "pca": {
    "pca_var_explained": [
      0.38839462399482727,
      0.08618468046188354
    ],
    "n_samples_embedded": 600
  }
}